{
  "best_dev_t": 0.17333333333333334,
  "dev_micro": 0.42476943346508567,
  "test_micro": 0.4064616988014591,
  "test_macro": 0.04895087685514278
}