{
  "BEAL": [
    {
      "num_labeled": [
        500,
        700,
        900
      ],
      "dev_micro": [
        0.0,
        0.1397163120567376,
        0.0
      ],
      "dev_macro": [
        0.0,
        0.00952519098733198,
        0.0
      ],
      "test_micro": [
        0.0,
        0.1381509032943677,
        0.0
      ],
      "test_macro": [
        0.0,
        0.009772966471207336,
        0.0
      ]
    }
  ]
}